title,price_gbp,price,rating,availability
Its Only the Himalayas,$,45.17,Two,In stock
Full Moon over Noah’s ,$,49.43,Two,In stock
See America A Celebration ,$,48.87,Two,In stock
Vagabonding An Uncommon Guide ,$,36.94,Two,In stock
Under the Tuscan Sun,$,37.33,Two,In stock
A Summer In Europe,$,44.34,Two,In stock
The Great Railway Bazaar,$,30.54,Two,In stock
A Year in Provence ,$,56.88,Two,In stock
The Road to Little ,$,23.21,Two,In stock
Neither Here nor There ,$,38.95,Two,In stock
1000 Places to See ,$,26.08,Two,In stock
Sharp Objects,$,47.82,Four,In stock
In a Dark Dark ,$,19.63,Four,In stock
The Past Never Ends,$,56.50,Four,In stock
A Murder in Time,$,16.64,Four,In stock
The Murder of Roger ,$,44.10,Four,In stock
The Last Mile Amos ,$,54.21,Four,In stock
That Darkness Gardiner and ,$,13.92,Four,In stock
Tastes Like Fear DI ,$,10.69,Four,In stock
A Time of Torment ,$,48.35,Four,In stock
A Study in Scarlet ,$,16.73,Four,In stock
Poisonous Max Revere Novels ,$,26.80,Four,In stock
Murder at the 42nd ,$,54.36,Four,In stock
Most Wanted,$,35.28,Four,In stock
Hide Away Eve Duncan ,$,11.84,Four,In stock
Boar Island Anna Pigeon ,$,59.48,Four,In stock
The Widow,$,27.26,Four,In stock
Playing with Fire,$,13.71,Four,In stock
What Happened on Beale ,$,25.37,Four,In stock
The Bachelor Girls Guide ,$,52.30,Four,In stock
Delivering the Truth Quaker ,$,20.89,Four,In stock
Tipping the Velvet,$,53.74,One,In stock
Forever and Forever The ,$,29.69,One,In stock
A Flight of Arrows ,$,55.53,One,In stock
The House by the ,$,36.95,One,In stock
Mrs Houdini,$,30.25,One,In stock
The Marriage of Opposites,$,28.08,One,In stock
Glory over Everything Beyond ,$,45.84,One,In stock
Love Lies and Spies,$,20.55,One,In stock
A Paris Apartment,$,39.01,One,In stock
Lilac Girls,$,17.28,One,In stock
The Constant Princess The ,$,16.62,One,In stock
The Invention of Wings,$,37.34,One,In stock
World Without End The ,$,32.97,One,In stock
The Passion of Dolssa,$,28.32,One,In stock
Girl With a Pearl ,$,26.77,One,In stock
Voyager Outlander 3,$,21.07,One,In stock
The Red Tent,$,35.66,One,In stock
The Last Painting of ,$,55.55,One,In stock
The Guernsey Literary and ,$,49.53,One,In stock
Girl in the Blue ,$,46.83,One,In stock
Scott Pilgrims Precious Little ,$,52.29,Five,In stock
Tsubasa WoRLD CHRoNiCLE 2 ,$,16.28,Five,In stock
This One Summer,$,19.49,Five,In stock
The Nameless City The ,$,38.16,Five,In stock
Saga Volume 5 Saga ,$,51.04,Five,In stock
Rat Queens Vol 3 ,$,50.40,Five,In stock
Princess Jellyfish 2in1 Omnibus ,$,13.61,Five,In stock
Pop Gun War Volume ,$,18.97,Five,In stock
Patience,$,10.16,Five,In stock
Outcast Vol 1 A ,$,15.44,Five,In stock
orange The Complete Collection ,$,48.41,Five,In stock
Lumberjanes Vol 2 Friendship ,$,46.91,Five,In stock
Lumberjanes Vol 1 Beware ,$,45.61,Five,In stock
Lumberjanes Vol 3 A ,$,19.92,Five,In stock
I Hate Fairyland Vol ,$,29.17,Five,In stock
I am a Hero ,$,54.63,Five,In stock
Giant Days Vol 2 ,$,22.11,Five,In stock
Danganronpa Volume 1,$,51.99,Five,In stock
Codename Baboushka Volume 1 ,$,36.72,Five,In stock
Camp Midnight,$,17.08,Five,In stock
The Secret Garden,$,15.08,Four,In stock
The Metamorphosis,$,28.58,Four,In stock
The Pilgrims Progress,$,50.26,Four,In stock
The Hound of the ,$,14.82,Four,In stock
Little Women Little Women ,$,28.07,Four,In stock
Gone with the Wind,$,32.49,Four,In stock
Candide,$,58.63,Four,In stock
Animal Farm,$,57.22,Four,In stock
Wuthering Heights,$,17.73,Four,In stock
The Picture of Dorian ,$,29.70,Four,In stock
The Complete Stories and ,$,26.78,Four,In stock
Beowulf,$,38.35,Four,In stock
And Then There Were ,$,35.01,Four,In stock
The Story of Hong ,$,43.19,Four,In stock
The Little Prince,$,45.42,Four,In stock
Sense and Sensibility,$,37.46,Four,In stock
Of Mice and Men,$,47.11,Four,In stock
Emma,$,32.93,Four,In stock
Alice in Wonderland Alices ,$,55.53,Four,In stock
Sophies World,$,15.94,Five,In stock
The Death of Humanity ,$,58.11,Five,In stock
The Stranger,$,17.44,Five,In stock
Proofs of God Classical ,$,54.21,Five,In stock
Kierkegaard A Christian Missionary ,$,47.13,Five,In stock
At The Existentialist Café ,$,29.93,Five,In stock
Critique of Pure Reason,$,20.75,Five,In stock
Run Spot Run The ,$,20.02,Five,In stock
The Nicomachean Ethics,$,36.34,Five,In stock
Meditations,$,25.89,Five,In stock
Beyond Good and Evil,$,43.38,Five,In stock
Chase Me Paris Nights ,$,25.27,Five,In stock
Black Dust,$,34.53,Five,In stock
Her Backup Boyfriend The ,$,33.97,Five,In stock
First and First Five ,$,15.97,Five,In stock
Fifty Shades Darker Fifty ,$,21.96,Five,In stock
The Wedding Dress,$,24.12,Five,In stock
Suddenly in Love Lake ,$,55.99,Five,In stock
Something More Than This,$,16.24,Five,In stock
Doing It Over Most ,$,35.61,Five,In stock
The Wedding Pact The ,$,32.61,Five,In stock
Hold Your Breath Search ,$,28.82,Five,In stock
Dirty Dive Bar 1,$,40.83,Five,In stock
Take Me Home Tonight ,$,53.98,Five,In stock
Off the Hook Fishing ,$,47.67,Five,In stock
A Gentlemans Position Society ,$,14.75,Five,In stock
Sit Stay Love,$,20.90,Five,In stock
A Girls Guide to ,$,31.30,Five,In stock
The Perfect Play Play ,$,59.99,Five,In stock
Dark Lover Black Dagger ,$,12.87,Five,In stock
Changing the Game Play ,$,13.38,Five,In stock
I Had a Nice ,$,57.36,Four,In stock
Will You Wont You ,$,13.86,Four,In stock
Keep Me Posted,$,20.46,Four,In stock
Grey Fifty Shades 4,$,48.49,Four,In stock
Meternity,$,43.58,Four,In stock
Some Women,$,13.73,Four,In stock
Shopaholic Ties the Knot ,$,48.39,Four,In stock
Can You Keep a ,$,21.94,Four,In stock
Twenties Girl,$,42.80,Four,In stock
The Undomestic Goddess,$,45.75,Four,In stock
The Nanny Diaries Nanny ,$,52.53,Four,In stock
The Devil Wears Prada ,$,44.29,Four,In stock
Something Borrowed Darcy  ,$,48.96,Four,In stock
Something Blue Darcy  ,$,54.62,Four,In stock
Ive Got Your Number,$,19.69,Four,In stock
The Edge of Reason ,$,19.18,Four,In stock
Bridget Joness Diary Bridget ,$,29.82,Four,In stock
Soumission,$,50.10,One,In stock
Private Paris Private 10,$,47.61,One,In stock
We Love You Charlie ,$,50.27,One,In stock
Thirst,$,17.27,One,In stock
The Murder That Never ,$,54.11,One,In stock
Tuesday Nights in 1980,$,21.04,One,In stock
The Vacationers,$,42.15,One,In stock
The Regional Office Is ,$,51.36,One,In stock
Finders Keepers Bill Hodges ,$,53.53,One,In stock
The Time Keeper,$,27.88,One,In stock
The Testament of Mary,$,52.67,One,In stock
The First Hostage JB ,$,25.85,One,In stock
Take Me with You,$,45.21,One,In stock
Still Life with Bread ,$,26.41,One,In stock
Shtum,$,55.84,One,In stock
My Name Is Lucy ,$,41.56,One,In stock
My Mrs Brown,$,24.48,One,In stock
Mr Mercedes Bill Hodges ,$,28.90,One,In stock
I Am Pilgrim Pilgrim ,$,10.60,One,In stock
Eligible The Austen Project ,$,27.09,One,In stock
Birdsong A Story in ,$,54.64,Three,In stock
The Bear and the ,$,36.89,Three,In stock
The Secret of Dreadwillow ,$,56.13,Three,In stock
The White Cat and ,$,58.08,Three,In stock
Little Red,$,13.47,Three,In stock
Walt Disneys Alice in ,$,12.96,Three,In stock
Twenty Yawns,$,22.08,Three,In stock
Rain Fish,$,23.57,Three,In stock
Once Was a Time,$,18.28,Three,In stock
Luis Paints the World,$,53.95,Three,In stock
NapaRoo,$,25.08,Three,In stock
The Whale,$,35.96,Three,In stock
Shrunken Treasures Literary Classics ,$,52.87,Three,In stock
Raymie Nightingale,$,34.41,Three,In stock
Playing from the Heart,$,32.38,Three,In stock
Maybe Something Beautiful How ,$,22.54,Three,In stock
The Wild Robot,$,56.07,Three,In stock
The Thing About Jellyfish,$,48.77,Three,In stock
The Lonely Ones,$,43.59,Three,In stock
The Day the Crayons ,$,26.33,Three,In stock
Dont Be a Jerk ,$,37.97,Two,In stock
You Are What You ,$,21.87,Two,In stock
God The Most Unpleasant ,$,30.03,Two,In stock
The Book of Mormon,$,24.57,Two,In stock
A History of God ,$,27.62,Two,In stock
The Bhagavad Gita,$,57.49,Two,In stock
Choosing Our Religion The ,$,28.42,Two,In stock
Worlds Elsewhere Journeys Around ,$,40.30,Five,In stock
The Five Love Languages ,$,31.05,Five,In stock
Reasons to Stay Alive,$,26.41,Five,In stock
HigherSelfie Wake Up Your ,$,23.11,Five,In stock
Unseen City The Majesty ,$,44.18,Five,In stock
Throwing Rocks at the ,$,31.12,Five,In stock
The LifeChanging Magic of ,$,16.77,Five,In stock
The Gutsy Girl Escapades ,$,37.13,Five,In stock
The Electric Pencil Drawings ,$,56.06,Five,In stock
Spark Joy An Illustrated ,$,41.83,Five,In stock
Reskilling America Learning to ,$,19.83,Five,In stock
In the Country We ,$,22.00,Five,In stock
Everydata The Misinformation Hidden ,$,54.35,Five,In stock
Call the Nurse True ,$,29.14,Five,In stock
Algorithms to Live By ,$,30.81,Five,In stock
The Power of Now ,$,43.54,Five,In stock
The Omnivores Dilemma A ,$,38.21,Five,In stock
The Genius of Birds,$,17.24,Five,In stock
The Artists Way A ,$,38.49,Five,In stock
So Youve Been Publicly ,$,12.23,Five,In stock
Rip it Up and ,$,35.02,Five,In stock
Our Band Could Be ,$,57.25,Five,In stock
How Music Works,$,37.32,Five,In stock
Love Is a Mix ,$,18.03,Five,In stock
Please Kill Me The ,$,31.19,Five,In stock
Kill Em and Leave ,$,45.05,Five,In stock
Chronicles Vol 1,$,52.60,Five,In stock
This Is Your Brain ,$,38.40,Five,In stock
Orchestra of Exiles The ,$,12.36,Five,In stock
No One Here Gets ,$,20.02,Five,In stock
Life,$,31.58,Five,In stock
Old Records Never Die ,$,55.66,Five,In stock
Forever Rockers The Rocker ,$,28.80,Five,In stock
The Coming Woman A ,$,17.93,Three,In stock
The Boys in the ,$,22.60,Three,In stock
Starving Hearts Triangular Trade ,$,13.99,Three,In stock
Americas Cradle of Quarterbacks ,$,22.50,Three,In stock
Aladdin and His Wonderful ,$,53.13,Three,In stock
Penny Maybe,$,33.29,Three,In stock
Maude 18831993She Grew Up ,$,18.02,Three,In stock
The Inefficiency Assassin Time ,$,20.59,Three,In stock
Soul Reader,$,39.58,Three,In stock
Bossypants,$,49.46,Three,In stock
A World of Flavor ,$,42.95,Three,In stock
A Piece of Sky ,$,56.76,Three,In stock
Tracing Numbers on a ,$,41.60,Three,In stock
Thirteen Reasons Why,$,52.72,Three,In stock
The Secret The Secret ,$,27.37,Three,In stock
The Psychopath Test A ,$,36.00,Three,In stock
The Kite Runner,$,41.82,Three,In stock
The Girl on the ,$,55.02,Three,In stock
The Emerald Mystery,$,23.15,Three,In stock
The Bridge to Consciousness ,$,32.00,Three,In stock
Mesaerion The Best Science ,$,37.59,One,In stock
Join,$,35.67,One,In stock
William Shakespeares Star Wars ,$,43.30,One,In stock
The Project,$,10.65,One,In stock
Soft Apocalypse,$,26.12,One,In stock
Sleeping Giants Themis Files ,$,48.74,One,In stock
Arena,$,21.36,One,In stock
Foundation Foundation Publication Order ,$,32.42,One,In stock
The Restaurant at the ,$,10.92,One,In stock
Ready Player One,$,19.07,One,In stock
Life the Universe and ,$,33.26,One,In stock
Dune Dune 1,$,54.86,One,In stock
Do Androids Dream of ,$,51.48,One,In stock
Three Wishes River of ,$,44.18,One,In stock
The Last Girl The ,$,36.26,One,In stock
Having the Barbarians Baby ,$,34.96,One,In stock
The Book of Basketball ,$,44.84,Five,In stock
Friday Night Lights A ,$,51.22,Five,In stock
Sugar Rush Offensive Line ,$,24.42,Five,In stock
Settling the Score The ,$,44.91,Five,In stock
Icing Aces Hockey 2,$,40.44,Five,In stock
The Torch Is Passed ,$,19.09,One,In stock
The Mindfulness and Acceptance ,$,23.89,One,In stock
The Art Forger,$,40.76,One,In stock
On a Midnight Clear,$,14.07,One,In stock
Judo Seven Steps to ,$,53.90,One,In stock
Shobu Samurai Project Aryoku ,$,29.06,One,In stock
Modern Romance,$,28.26,One,In stock
The White Queen The ,$,25.91,One,In stock
The Song of Achilles,$,37.40,One,In stock
The Immortal Life of ,$,40.67,One,In stock
The Dovekeepers,$,48.78,One,In stock
More Than Music Chasing ,$,37.61,One,In stock
Code Name Verity Code ,$,22.13,One,In stock
Cell,$,20.29,One,In stock
Angels Walking Angels Walking ,$,34.20,One,In stock
A Series of Catastrophes ,$,56.48,One,In stock
A Peoples History of ,$,40.79,One,In stock
A Brush of Wings ,$,55.51,One,In stock
Rook,$,37.86,One,In stock
The Midnight Watch A ,$,26.20,One,In stock
Unicorn Tracks,$,18.78,Three,In stock
Saga Volume 6 Saga ,$,25.02,Three,In stock
Princess Between Worlds WideAwake ,$,13.34,Three,In stock
Masks and Shadows,$,56.40,Three,In stock
Crown of Midnight Throne ,$,43.29,Three,In stock
Avatar The Last Airbender ,$,28.09,Three,In stock
A Court of Thorns ,$,52.37,Three,In stock
Throne of Glass Throne ,$,35.07,Three,In stock
The Glittering Court The ,$,44.28,Three,In stock
Hollow City Miss Peregrine’s ,$,42.98,Three,In stock
The StarTouched Queen,$,46.02,Three,In stock
The Hidden Oracle The ,$,52.26,Three,In stock
The Bane Chronicles The ,$,44.73,Three,In stock
Island of Dragons Unwanteds ,$,29.65,Three,In stock
Demigods  Magicians Percy ,$,37.51,Three,In stock
City of Glass The ,$,56.02,Three,In stock
Searching for Meaning in ,$,38.73,Three,In stock
The StarTouched Queen,$,32.30,Three,In stock
A Shard of Ice ,$,56.63,Three,In stock
Kings Folly The Kinsman ,$,39.61,Three,In stock
Without Borders Wanderlove 1,$,45.07,Two,In stock
The Mistake OffCampus 2,$,43.29,Two,In stock
The Matchmakers Playbook Wingmen ,$,55.85,Two,In stock
The Hook Up Game ,$,36.29,Two,In stock
Shameless,$,58.35,Two,In stock
Off Sides Off 1,$,39.45,Two,In stock
The Requiem Red,$,22.65,One,In stock
Set Me Free,$,17.46,One,In stock
The Natural History of ,$,45.22,One,In stock
Obsidian Lux 1,$,14.86,One,In stock
Burning,$,28.81,One,In stock
A Fierce and Subtle ,$,28.13,One,In stock
Scarlett Epstein Hates It ,$,43.55,One,In stock
Nightingale Sing,$,38.28,One,In stock
Library of Souls Miss ,$,48.56,One,In stock
Frostbite Vampire Academy 2,$,29.99,One,In stock
Wild Swans,$,14.36,One,In stock
Until Friday Night The ,$,46.31,One,In stock
This Is Where It ,$,27.12,One,In stock
The Darkest Lie,$,35.35,One,In stock
My Kind of Crazy,$,40.36,One,In stock
Dont Get Caught,$,55.35,One,In stock
Catching Jordan Hundred Oaks,$,50.83,One,In stock
Aristotle and Dante Discover ,$,58.14,One,In stock
The Epidemic The Program ,$,14.44,One,In stock
Stars Above The Lunar ,$,48.05,One,In stock
The Most Perfect Thing ,$,42.96,Four,In stock
Immunity How Elie Metchnikoff ,$,57.36,Four,In stock
Sorting the Beef from ,$,44.74,Four,In stock
Tipping Point for Planet ,$,37.55,Four,In stock
The Fabric of the ,$,55.91,Four,In stock
Diary of a Citizen ,$,28.41,Four,In stock
The Origin of Species,$,10.01,Four,In stock
The Grand Design,$,13.76,Four,In stock
Peak Secrets from the ,$,16.28,Four,In stock
The Elegant Universe Superstrings ,$,13.03,Four,In stock
The Disappearing Spoon And ,$,57.35,Four,In stock
Surely Youre Joking Mr ,$,25.83,Four,In stock
Seven Brief Lessons on ,$,30.60,Four,In stock
The Selfish Gene,$,29.45,Four,In stock
A Light in the ,$,51.77,Three,In stock
The Black Maria,$,52.15,Three,In stock
Shakespeares Sonnets,$,20.66,Three,In stock
Olio,$,23.88,Three,In stock
You cant bury them ,$,33.63,Three,In stock
Slow States of Collapse ,$,57.31,Three,In stock
Untitled Collection Sabbath Poems ,$,14.27,Three,In stock
Poems That Make Grown ,$,14.19,Three,In stock
Night Sky with Exit ,$,41.05,Three,In stock
salt,$,46.78,Three,In stock
Quarter Life Poetry Poems ,$,50.89,Three,In stock
Out of Print City ,$,53.64,Three,In stock
Les Fleurs du Mal,$,29.04,Three,In stock
Howl and Other Poems,$,40.45,Three,In stock
Leave This Song Behind ,$,51.17,Three,In stock
The Collected Poems of ,$,15.42,Three,In stock
The Crossover,$,38.77,Three,In stock
Booked,$,17.49,Three,In stock
Twenty Love Poems and ,$,30.95,Three,In stock
Vampire Knight Vol 1 ,$,15.40,One,In stock
Wall and Piece,$,44.18,Four,In stock
Feathers Displays of Brilliant ,$,49.05,Four,In stock
Art and Fear Observations ,$,48.63,Four,In stock
The New Drawing on ,$,43.02,Four,In stock
History of Beauty,$,10.29,Four,In stock
The Story of Art,$,41.14,Four,In stock
The Art Book,$,32.34,Four,In stock
Ways of Seeing,$,39.51,Four,In stock
The Lucifer Effect Understanding ,$,10.40,One,In stock
The Golden Condom And ,$,39.43,One,In stock
It Didnt Start with ,$,56.27,One,In stock
An Unquiet Mind A ,$,21.30,One,In stock
Thinking Fast and Slow,$,21.14,One,In stock
Civilization and Its Discontents,$,59.95,One,In stock
8 Keys to Mental ,$,31.04,One,In stock
The Argonauts,$,10.93,Two,In stock
M Train,$,27.18,Two,In stock
Lab Girl,$,40.85,Two,In stock
Approval Junkie Adventures in ,$,58.81,Two,In stock
Running with Scissors,$,12.91,Two,In stock
Me Talk Pretty One ,$,57.60,Two,In stock
Lust  Wonder,$,11.87,Two,In stock
Life Without a Recipe,$,59.04,Two,In stock
A Heartbreaking Work of ,$,54.29,Two,In stock
Catastrophic Happiness Finding Joy ,$,37.35,Two,In stock
Fifty Shades Freed Fifty ,$,15.36,Five,In stock
The Long Haul Diary ,$,44.07,One,In stock
Old School Diary of ,$,11.83,One,In stock
I Know What Im ,$,25.98,One,In stock
Hyperbole and a Half ,$,14.75,One,In stock
Dress Your Family in ,$,43.68,One,In stock
Toddlers Are Aholes Its ,$,25.55,One,In stock
When You Are Engulfed ,$,30.89,One,In stock
Naked,$,31.69,One,In stock
Lamb The Gospel According ,$,55.50,One,In stock
Holidays on Ice,$,51.07,One,In stock
Security,$,39.25,Two,In stock
Follow You Home,$,21.36,Two,In stock
The Loney,$,23.40,Two,In stock
Pet Sematary,$,10.56,Two,In stock
Doctor Sleep The Shining ,$,40.12,Two,In stock
Psycho Sanitarium Psycho 15,$,36.97,Two,In stock
Can You Keep a ,$,48.64,Two,In stock
Red Dragon Hannibal Lecter ,$,23.37,Two,In stock
Dracula the UnDead,$,35.63,Two,In stock
Night Shift Night Shift ,$,12.75,Two,In stock
Needful Things,$,47.51,Two,In stock
Misery,$,34.79,Two,In stock
It,$,25.01,Two,In stock
Salems Lot,$,49.56,Two,In stock
The Stand,$,57.86,Two,In stock
The Girl with All ,$,49.47,Two,In stock
House of Leaves,$,54.89,Two,In stock
Sapiens A Brief History ,$,54.23,Five,In stock
Unbound How Eight Technologies ,$,25.52,Five,In stock
The Age of Genius ,$,19.73,Five,In stock
Political Suicide Missteps Peccadilloes ,$,36.28,Five,In stock
Thomas Jefferson and the ,$,59.64,Five,In stock
Zealot The Life and ,$,24.70,Five,In stock
A Distant Mirror The ,$,14.58,Five,In stock
1491 New Revelations of ,$,21.80,Five,In stock
Brilliant Beacons A History ,$,11.45,Five,In stock
Most Blessed of the ,$,44.48,Five,In stock
A Short History of ,$,52.40,Five,In stock
The Rise and Fall ,$,39.67,Five,In stock
Catherine the Great Portrait ,$,58.55,Five,In stock
The Mathews Men Seven ,$,42.91,Five,In stock
The Hiding Place,$,55.91,Five,In stock
Americas War for the ,$,51.22,Five,In stock
The Guns of August,$,14.54,Five,In stock
House of Lost Worlds ,$,43.70,Five,In stock
Foolproof Preserving A Guide ,$,30.52,Three,In stock
The Pioneer Woman Cooks ,$,56.41,Three,In stock
My Paris Kitchen Recipes ,$,33.37,Three,In stock
Mama Tried Traditional Italian ,$,14.02,Three,In stock
Layered Baking Building and ,$,40.11,Three,In stock
The Nerdy Nummies Cookbook ,$,37.34,Three,In stock
The Love and Lemons ,$,37.60,Three,In stock
The Cookies  Cups ,$,41.25,Three,In stock
Deliciously Ella Every Day ,$,42.16,Three,In stock
The Help Yourself Cookbook ,$,28.77,Three,In stock
Its All Easy Healthy ,$,19.55,Three,In stock
Barefoot Contessa Back to ,$,28.01,Three,In stock
Barefoot Contessa at Home ,$,50.62,Three,In stock
My Kitchen Year 136 ,$,11.53,Three,In stock
Everyday Italian 125 Simple ,$,20.10,Three,In stock
A la Mode 120 ,$,38.77,Three,In stock
Cravings Recipes for What ,$,20.50,Three,In stock
The Moosewood Cookbook Recipes ,$,12.34,Three,In stock
32 Yolks,$,53.63,Three,In stock
Naturally Lean 125 Nourishing ,$,11.38,Three,In stock
Redeeming Love,$,20.47,Five,In stock
Close to You,$,49.46,Five,In stock
Shadows of the Past ,$,39.67,Five,In stock
Like Never Before Walker ,$,28.77,Five,In stock
Counted With the Stars ,$,17.97,Five,In stock
If I Run If ,$,49.97,Five,In stock
The Dirty Little Secrets ,$,33.34,Four,In stock
The Third Wave An ,$,12.61,Four,In stock
The 10 Entrepreneur Live ,$,27.55,Four,In stock
Shoe Dog A Memoir ,$,23.99,Four,In stock
Made to Stick Why ,$,38.85,Four,In stock
Quench Your Own Thirst ,$,43.14,Four,In stock
The Art of Startup ,$,21.00,Four,In stock
Born for This How ,$,21.59,Four,In stock
The EMyth Revisited Why ,$,36.91,Four,In stock
Rich Dad Poor Dad,$,51.74,Four,In stock
The Lean Startup How ,$,33.92,Four,In stock
Rework,$,44.88,Four,In stock
Louisa The Extraordinary Life ,$,16.85,Two,In stock
Setting the World on ,$,21.15,Two,In stock
The Faith of Christopher ,$,39.55,Two,In stock
Benjamin Franklin An American ,$,48.19,Two,In stock
The Rise of Theodore ,$,42.57,Two,In stock
In Her Wake,$,12.84,One,In stock
The Elephant Tree,$,23.82,One,In stock
Behind Closed Doors,$,52.22,One,In stock
You You 1,$,43.61,One,In stock
The Guilty Will Robie ,$,13.82,One,In stock
The 14th Colony Cotton ,$,39.24,One,In stock
Give It Back,$,18.32,One,In stock
Killing Floor Jack Reacher ,$,31.49,One,In stock
The Bone Hunters Lexy ,$,59.71,One,In stock
Far From True Promise ,$,34.93,One,In stock
The Travelers,$,15.77,One,In stock
When We Collided,$,31.77,One,In stock
Someone Like You The ,$,52.79,One,In stock
We Are All Completely ,$,24.04,One,In stock
The Four Agreements A ,$,17.66,Five,In stock
The Activists Tao Te ,$,32.24,Five,In stock
Chasing Heaven What Dying ,$,37.80,Five,In stock
If I Gave You ,$,20.91,Five,In stock
Unreasonable Hope Finding Faith ,$,46.33,Five,In stock
A New Earth Awakening ,$,55.65,Five,In stock
Logan Kade Fallen Crest ,$,13.12,Two,In stock
Online Marketing for Busy ,$,46.35,One,In stock
How to Be Miserable ,$,46.03,One,In stock
Overload How to Unplug ,$,52.15,One,In stock
You Are a Badass ,$,12.08,One,In stock
How to Stop Worrying ,$,46.49,One,In stock
All the Light We ,$,29.87,Five,In stock
The Girl You Left ,$,15.79,Five,In stock
UnQualified How God Uses ,$,54.00,Five,In stock
Crazy Love Overwhelmed by ,$,47.72,Five,In stock
Blue Like Jazz Nonreligious ,$,25.77,Five,In stock
Silence in the Dark ,$,58.33,Three,In stock
The Grownup,$,35.88,One,In stock
Suzie Snowflake One beautiful ,$,54.81,Five,In stock
The Bulletproof Diet Lose ,$,49.05,Three,In stock
Eat Fat Get Thin,$,54.07,Three,In stock
10Day Green Smoothie Cleanse ,$,49.71,Three,In stock
The Art and Science ,$,52.98,Three,In stock
Libertarianism for Beginners,$,51.33,Two,In stock
Why the Right Went ,$,52.65,Two,In stock
Equal Is Unfair Americas ,$,56.86,Two,In stock
Amid the Chaos,$,36.58,One,In stock
Dark Notes,$,19.19,Five,In stock
The Long Shadow of ,$,10.97,One,In stock
